{"name":"e707dbde-f7e5-41c0-88af-96df9665c586","id":"/providers/Microsoft.Flow/flows/e707dbde-f7e5-41c0-88af-96df9665c586","type":"Microsoft.Flow/flows","properties":{"apiId":"/providers/Microsoft.PowerApps/apis/shared_logicflows","displayName":"Create Team - Placeholder","definition":{"metadata":{"workflowEntityId":null,"processAdvisorMetadata":null,"flowChargedByPaygo":null,"flowclientsuspensionreason":"None","flowclientsuspensiontime":null,"flowclientsuspensionreasondetails":null,"creator":{"id":"3d21db16-5fad-4ad1-83f8-63947658892f","type":"User","tenantId":"372b24b2-37c8-4590-b7c8-1f169c330b8f"},"provisioningMethod":"FromDefinition","failureAlertSubscription":true,"clientLastModifiedTime":"2025-05-05T22:25:02.0275315Z","connectionKeySavedTimeKey":"2025-05-05T22:25:02.0275315Z","creationSource":null,"modifiedSources":"Portal"},"$schema":"https://schema.management.azure.com/providers/Microsoft.Logic/schemas/2016-06-01/workflowdefinition.json#","contentVersion":"undefined","parameters":{"$authentication":{"defaultValue":{},"type":"SecureObject"},"$connections":{"defaultValue":{},"type":"Object"}},"triggers":{"manual":{"metadata":{"operationMetadataId":"a8a3a4be-3505-46ef-981a-e0b5e851efc7"},"type":"Request","kind":"Button","inputs":{"schema":{"type":"object","properties":{"text":{"description":"Please enter your input","title":"Practice Name","type":"string","x-ms-content-hint":"TEXT","x-ms-dynamically-added":true},"email":{"description":"Enter an email address.","format":"email","title":"Practice Manager","type":"string","x-ms-content-hint":"EMAIL","x-ms-dynamically-added":true}},"required":["text","email"]}}}},"actions":{"HTTP_Create_Team":{"runAfter":{"Get_user_profile_(V2)":["Succeeded"]},"metadata":{"operationMetadataId":"cb41f3bd-c241-4120-82a6-ab2bba0ea687"},"type":"Http","inputs":{"uri":"https://graph.microsoft.com/v1.0/teams","method":"POST","headers":{"Content-Type":"application/json"},"body":{"template@odata.bind":"https://graph.microsoft.com/v1.0/teamsTemplates('standard')","visibility":"Private","displayName":"Practice Team-@{triggerBody()?['text']}","description":"This team is used by the Practice to access support information","members":[{"@@odata.type":"#microsoft.graph.aadUserConversationMember","user@odata.bind":"https://graph.microsoft.com/v1.0/users('@{outputs('Get_user_profile_(V2)')?['body/id']}')","roles":["owner"]}],"firstChannelName":"Announcements 📢","channels":[{"displayName":"Operations","isFavoriteByDefault":true,"description":"This Operatins channel is favorited by default. Use this channel to make review, update and discuss Operations processes."},{"displayName":"Training 🏋️","isFavoriteByDefault":true,"description":"This is a sample training channel, that is favorited by default, and contains an example of pinned website tabs.","tabs":[{"teamsApp@odata.bind":"https://graph.microsoft.com/v1.0/appCatalogs/teamsApps('com.microsoft.teamspace.tab.web')","displayName":"Learn about Teams","configuration":{"contentUrl":"https://learn.microsoft.com/microsoftteams/microsoft-teams"}},{"teamsApp@odata.bind":"https://graph.microsoft.com/v1.0/appCatalogs/teamsApps('com.microsoft.teamspace.tab.web')","displayName":"IT Consulting","configuration":{"contentUrl":"https://provisionsgroup.com/it-consulting"}}]},{"displayName":"Planning 📅 ","description":"This is a sample of a channel that is not favorited by default, these channels will appear in the more channels overflow menu.","isFavoriteByDefault":false},{"displayName":"Practice Resources","description":"Resources for specific Practice.","isFavoriteByDefault":true}],"memberSettings":{"allowCreateUpdateChannels":true,"allowDeleteChannels":true,"allowAddRemoveApps":true,"allowCreateUpdateRemoveTabs":true,"allowCreateUpdateRemoveConnectors":true},"guestSettings":{"allowCreateUpdateChannels":false,"allowDeleteChannels":false},"funSettings":{"allowGiphy":true,"giphyContentRating":"Moderate","allowStickersAndMemes":true,"allowCustomMemes":true},"messagingSettings":{"allowUserEditMessages":true,"allowUserDeleteMessages":true,"allowOwnerDeleteMessages":true,"allowTeamMentions":true,"allowChannelMentions":true},"discoverySettings":{"showInTeamsSearchAndSuggestions":true},"installedApps":[{"teamsApp@odata.bind":"https://graph.microsoft.com/v1.0/appCatalogs/teamsApps('com.microsoft.teamspace.tab.vsts')"},{"teamsApp@odata.bind":"https://graph.microsoft.com/v1.0/appCatalogs/teamsApps('1542629c-01b3-4a6d-8f76-1938b779e48d')"}]},"authentication":{"type":"Raw","value":"@{body('HTTP_Post_Token')?['access_token']}"}},"description":"Expression to get Auth Token.\nbody('HTTP_Post_Token')?['access_token']"},"HTTP-Private_Channel":{"runAfter":{"Compose_Team_ID":["Succeeded"]},"metadata":{"operationMetadataId":"cb41f3bd-c241-4120-82a6-ab2bba0ea687"},"type":"Http","inputs":{"uri":"https://graph.microsoft.com/v1.0/teams/@{outputs('Compose_Team_ID')}/channels","method":"POST","headers":{"Content-Type":"application/json"},"body":{"@@odata.type":"#Microsoft.Graph.channel","membershipType":"private","displayName":"Executive","description":"Private Channel for C-level conversations between the Practice and the Managed Services provider","members":[{"@@odata.type":"#microsoft.graph.aadUserConversationMember","user@odata.bind":"https://graph.microsoft.com/v1.0/users('@{outputs('Get_user_profile_(V2)')?['body/id']}')","roles":["owner"]}]},"authentication":{"type":"Raw","value":"@{body('HTTP_Post_Token')?['access_token']}"}},"description":"Expression to get Auth Token.\nbody('HTTP_Post_Token')?['access_token']\nURI:\nhttps://graph.microsoft.com/v1.0/teams/<TeamsID>/channels"},"Get_user_profile_(V2)":{"runAfter":{"HTTP_Post_Token":["Succeeded"]},"metadata":{"operationMetadataId":"0c3820ec-072f-4408-8610-b314d20a176a"},"type":"OpenApiConnection","inputs":{"parameters":{"id":"@triggerBody()?['email']"},"host":{"apiId":"/providers/Microsoft.PowerApps/apis/shared_office365users","connectionName":"shared_office365users","operationId":"UserProfile_V2"},"authentication":{"value":"@json(decodeBase64(triggerOutputs().headers['X-MS-APIM-Tokens']))['$ConnectionKey']","type":"Raw"}}},"HTTP-Shared_Channel":{"runAfter":{"HTTP-Private_Channel":["Succeeded"]},"metadata":{"operationMetadataId":"cb41f3bd-c241-4120-82a6-ab2bba0ea687"},"type":"Http","inputs":{"uri":"https://graph.microsoft.com/v1.0/teams/@{outputs('Compose_Team_ID')}/channels","method":"POST","headers":{"Content-Type":"application/json"},"body":{"@@odata.type":"#Microsoft.Graph.channel","membershipType":"shared","displayName":"IT Support","description":"Shared Channel for IT Support conversations between the Practice and the Managed Services provider's IT Staff. Allowing IT Staff limited access to the Practice's Team.","members":[{"@@odata.type":"#microsoft.graph.aadUserConversationMember","user@odata.bind":"https://graph.microsoft.com/v1.0/users('@{outputs('Get_user_profile_(V2)')?['body/id']}')","roles":["owner"]}]},"authentication":{"type":"Raw","value":"@{body('HTTP_Post_Token')?['access_token']}"}},"description":"Expression to get Auth Token.\nbody('HTTP_Post_Token')?['access_token']\nURI:\nhttps://graph.microsoft.com/v1.0/teams/<TeamsID>/channels"},"Compose_Team_ID":{"runAfter":{"Do_until_Teams_Provisioning_Status_to_Succeeded-copy":["Succeeded"]},"metadata":{"operationMetadataId":"09b98701-2554-4df0-b354-0491b3f3b210"},"type":"Compose","inputs":"@substring(outputs('HTTP_Create_Team')?['headers']['Location'], 8, 36)\r\n","description":"Expression to get Teams ID from HTTP Create Team action\nsubstring(outputs('HTTP_Create_Team')?['headers']['Location'], 8, 36)"},"Compose_URL_Teams_provisioning_status":{"runAfter":{"HTTP_Create_Team":["Succeeded"]},"metadata":{"operationMetadataId":"b55ca125-97d0-4b31-a1f7-06915f37b033"},"type":"Compose","inputs":"@concat('https://graph.microsoft.com/v1.0',outputs('HTTP_Create_Team')?['headers']?['Location'])","description":"Expression to get provisioning status of HTTP Create Team Action\nconcat('https://graph.microsoft.com/v1.0',outputs('HTTP_Create_Team')?['headers']?['Location'])"},"Do_until_Teams_Provisioning_Status_to_Succeeded-copy":{"actions":{"Get_Team_provisioning_status":{"metadata":{"operationMetadataId":"0b1f7f2d-3217-481e-bd1f-b058af34c08a"},"type":"Http","inputs":{"uri":"@outputs('Compose_URL_Teams_provisioning_status')","method":"GET","headers":{"Content-Type":"application/json"},"authentication":{"type":"Raw","value":"@{body('HTTP_Post_Token')?['access_token']}"}},"description":"Expression to get Auth Token.\nbody('HTTP_Post_Token')?['access_token']","runtimeConfiguration":{"contentTransfer":{"transferMode":"Chunked"}}},"Set_Team_Provisioning_Status":{"runAfter":{"Get_Team_provisioning_status":["Succeeded"]},"metadata":{"operationMetadataId":"d991b2dc-b633-4808-8a10-730505e10665"},"type":"SetVariable","inputs":{"name":"varProvisioningStatus","value":"@body('Get_Team_provisioning_status')?['status']"}},"Condition":{"actions":{"Delay_1":{"metadata":{"operationMetadataId":"fc62fc8b-2f35-4fe4-a53c-d590ec39b655"},"type":"Wait","inputs":{"interval":{"count":1,"unit":"Minute"}}}},"runAfter":{"Set_Team_Provisioning_Status":["Succeeded"]},"else":{"actions":{}},"expression":{"and":[{"equals":["@variables('varProvisioningStatus')","inProgress"]}]},"metadata":{"operationMetadataId":"cc60adc1-704a-4337-a2de-1c571c330787"},"type":"If"}},"runAfter":{"Initialize_Team_Provisioning_Status":["Succeeded"]},"expression":"@equals(variables('varProvisioningStatus'),'‘succeeded’')","limit":{"count":60,"timeout":"PT1H"},"metadata":{"operationMetadataId":"b9755e41-fdef-4160-8104-8a7fbe85254a"},"type":"Until"},"Initialize_Team_Provisioning_Status":{"runAfter":{"Compose_URL_Teams_provisioning_status":["Succeeded"]},"metadata":{"operationMetadataId":"8b4b041b-802a-4900-9a01-bd398913b2b7"},"type":"InitializeVariable","inputs":{"variables":[{"name":"varProvisioningStatus","type":"string","value":"@body('HTTP_Create_Team')?['status']"}]}},"HTTP_Post_Token":{"runAfter":{},"metadata":{"operationMetadataId":"e39e9ed8-3cb0-47e1-aea4-85135d5a4a2c"},"type":"Http","inputs":{"uri":"https://login.microsoft.com/<TenantID>/oauth2/v2.0/token","method":"POST","headers":{"Content-Type":"application/x-www-form-urlencoded"},"body":"tenant=<TenantID>&client_id=<ClientID>&client_secret=<ClientSecret>&grant_type=client_credentials&scope=https://graph.microsoft.com/.default"},"runtimeConfiguration":{"contentTransfer":{"transferMode":"Chunked"},"secureData":{"properties":["inputs"]}}}},"description":"This workflow has placeholders in the actions. Not an Active flow. DO NOT RUN without updates."},"connectionReferences":{"shared_office365users":{"connectionName":"shared-office365user-f5881c11-ae86-41ca-bcbd-563d40a86c6f","source":"Invoker","id":"/providers/Microsoft.PowerApps/apis/shared_office365users","tier":"NotSpecified","apiName":"office365users"}},"flowFailureAlertSubscribed":false,"isManaged":false}}